{
  "nodes": {
    "+python#1": {
      "contentWidth": 610.545372202946,
      "rfNode": {
        "position": {
          "x": 171.35004947740916,
          "y": -790.5356013079712
        }
      },
      "sections": {
        "scriptlet": {
          "cardCollapsed": true,
          "manualHeight": 445.39582849467627
        }
      }
    },
    "+python#2": {
      "contentWidth": 610.858659398524,
      "rfNode": {
        "position": {
          "x": 167.7122501606611,
          "y": -380.84278387083447
        }
      },
      "sections": {
        "scriptlet": {
          "cardCollapsed": true,
          "manualHeight": 792.2221407573504
        }
      }
    },
    "TransforToCSV#1": {
      "contentWidth": 450,
      "rfNode": {
        "position": {
          "x": 2068.342773126841,
          "y": -983.5103111503342
        }
      }
    },
    "CustomPreviewTable#1": {
      "contentWidth": 1104.1061613501936,
      "rfNode": {
        "position": {
          "x": 882.3976983650275,
          "y": -1189.477612222937
        }
      }
    }
  }
}