{
  "nodes": {
    "+python#1": {
      "contentWidth": 610.545372202946,
      "rfNode": {
        "position": {
          "x": 116.31801099192043,
          "y": -1411.323840321105
        }
      },
      "sections": {
        "scriptlet": {
          "cardCollapsed": true,
          "manualHeight": 445.39582849467627
        }
      }
    },
    "+python#2": {
      "contentWidth": 879.145090159192,
      "rfNode": {
        "position": {
          "x": -175.90242916336607,
          "y": -966.5648764099842
        }
      },
      "sections": {
        "scriptlet": {
          "cardCollapsed": true,
          "manualHeight": 990.2923882674788
        }
      }
    },
    "TransforToCSV#1": {
      "contentWidth": 450,
      "rfNode": {
        "position": {
          "x": 2068.342773126841,
          "y": -983.5103111503342
        }
      }
    },
    "CustomPreviewTable#1": {
      "contentWidth": 1104.1061613501936,
      "rfNode": {
        "position": {
          "x": 882.3976983650275,
          "y": -1189.477612222937
        }
      }
    }
  }
}